epoch,train_loss,val_loss,val_mape,val_mape_ME,val_mape_NH,val_mape_VT,val_mape_CT,val_mape_RI,val_mape_SEMA,val_mape_WCMA,val_mape_NEMA_BOST,lr,epoch_time
9,0.3658580542591654,0.3776428465421001,9.227256178855896,6.248728275299072,8.337996482849121,16.02112579345703,9.538771629333496,7.9171528816223145,9.20518970489502,8.411188125610352,8.137896537780762,0.001,15759.897670507431
10,0.3490096385121527,0.40613956781418903,8.974058449268341,6.92675256729126,7.429316520690918,13.043946266174316,9.763130187988281,8.571916580200195,9.206496238708496,8.646885871887207,8.204023361206055,0.0009957224306869053,14685.78617477417
11,0.34870583855375487,0.47054339056519884,8.796022117137909,7.195135116577148,7.556588172912598,12.72303581237793,8.777172088623047,8.358524322509766,9.638291358947754,8.250143051147461,7.869287014007568,0.0009829629131445341,15930.377267599106
12,0.35572774784704686,0.37312311126114844,8.79429680109024,6.272975921630859,7.922578811645508,14.623291969299316,8.834019660949707,7.692342281341553,8.860337257385254,8.012653350830078,8.136175155639648,0.0009619397662556433,16004.665353298187
13,0.36030265750020424,0.4982830397155323,10.499442160129547,7.4973835945129395,9.834341049194336,13.523982048034668,12.378384590148926,10.374967575073242,11.582356452941895,9.574869155883789,9.229252815246582,0.0009330127018922194,17529.144496679306
