{
  "schema_version": "workshop-1.0",
  "n_states": 6,
  "states": [
    "NH",
    "CT",
    "ME",
    "RI",
    "VT",
    "MA"
  ],
  "pv_capacity_mw_per_million_pop": {
    "NH": 214.2857142857143,
    "CT": 319.44444444444446,
    "ME": 607.1428571428572,
    "RI": 818.1818181818181,
    "VT": 846.1538461538461,
    "MA": 1079.136690647482
  },
  "train_2022_mape_pct": {
    "NH": 3.691279888153076,
    "CT": 7.281450927257538,
    "ME": 2.3116404190659523,
    "RI": 5.270368978381157,
    "VT": 5.948759242892265,
    "MA": 5.852773910336717
  },
  "deploy_w2_mape_pct": {
    "NH": 9.75981330871582,
    "CT": 10.997930526733398,
    "ME": 31.152322769165036,
    "RI": 34.84658432006836,
    "VT": 29.126876831054688,
    "MA": 24.995176282005957
  },
  "mape_drift_pp": {
    "NH": 6.068533420562744,
    "CT": 3.7164795994758606,
    "ME": 28.840682350099083,
    "RI": 29.576215341687202,
    "VT": 23.178117588162422,
    "MA": 19.14240237166924
  },
  "spearman_rho": 0.4285714285714286,
  "permutation_p_two_sided": 0.4184,
  "n_permutations": 10000,
  "fit_slope": 0.02340405885351073,
  "fit_intercept": 3.2688305007961596,
  "interpretation": "With n=6 states, Spearman rho = +0.429, two-sided permutation p = 0.418. The result should be read descriptively (n=5 has very low statistical power)."
}