{
  "n_way": 2,
  "weights_global": {
    "alpha_baseline": 0.15000000000000002,
    "beta_c1": 0.85
  },
  "val_mape_at_best_weights": 4.4836909510195255,
  "test_mape_ensemble": 4.596198652870953,
  "test_mape_baseline_alone": 5.237077944912016,
  "test_mape_c1_alone": 4.6507323160767555,
  "test_mape_c2_alone": null,
  "test_per_zone_baseline": {
    "ME": 2.3116404190659523,
    "NH": 3.691279888153076,
    "VT": 5.948759242892265,
    "CT": 7.281450927257538,
    "RI": 5.270368978381157,
    "SEMA": 5.438638851046562,
    "WCMA": 5.866798758506775,
    "NEMA_BOST": 6.0876864939928055
  },
  "test_per_zone_ensemble": {
    "ME": 3.09451874345541,
    "NH": 4.290850460529327,
    "VT": 6.677357852458954,
    "CT": 5.211442708969116,
    "RI": 3.7104010581970215,
    "SEMA": 4.263019561767578,
    "WCMA": 5.023935437202454,
    "NEMA_BOST": 4.498063400387764
  },
  "delta_pp": 0.6408792920410633,
  "ensemble_test_preds": [
    [
      [
        1596.883544921875,
        1571.8157958984375,
        770.9131469726562,
        3673.78955078125,
        999.4632568359375,
        1904.728759765625,
        2151.65966796875,
        2985.490234375
      ],
      [
        1548.6795654296875,
        1527.7823486328125,
        752.0580444335938,
        3598.986083984375,
        976.669189453125,
        1854.3768310546875,
        2106.1494140625,
        2923.23486328125
      ],
      [
        1483.8162841796875,
        1468.18310546875,
        722.0452880859375,
        3479.6416015625,
        943.742431640625,
        1782.7691650390625,
        2034.18798828125,
        2838.105224609375
      ],
      [
        1399.815185546875,
        1382.6639404296875,
        688.0887451171875,
        3312.2841796875,
        898.28515625,
        1685.137451171875,
        1938.37548828125,
        2719.53271484375
      ],
      [
        1312.010498046875,
        1282.9556884765625,
        645.706298828125,
        3085.63671875,
        839.8765869140625,
        1558.5584716796875,
        1813.734619140625,
        2565.8818359375
      ],
      [
        1235.9794921875,
        1190.7916259765625,
        602.0914916992188,
        2855.52587890625,
        776.601806640625,
        1435.124755859375,
        1694.3228759765625,
        2407.46630859375
      ],
      [
        1181.099853515625,
        1126.104736328125,
        571.18896484375,
        2701.942138671875,
        731.7532958984375,
        1351.0506591796875,
        1613.562255859375,
        2294.880615234375
      ],
      [
        1153.5111083984375,
        1093.68310546875,
        554.275390625,
        2625.84375,
        708.1832275390625,
        1307.2293701171875,
        1565.6282958984375,
        2228.61279296875
      ],
      [
        1146.89013671875,
        1083.3006591796875,
        547.0901489257812,
        2593.2939453125,
        698.9959106445312,
        1290.292724609375,
        1545.492919921875,
        2204.75927734375
      ],
      [
        1149.8096923828125,
        1085.33642578125,
        546.5933837890625,
        2593.7568359375,
        699.7855834960938,
        1291.3585205078125,
        1542.4593505859375,
        2208.72705078125
      ],
      [
        1180.5455322265625,
        1117.36572265625,
        558.56787109375,
        2661.0029296875,
        716.0867309570312,
        1327.0950927734375,
        1588.1256103515625,
        2266.83056640625
      ],
      [
        1257.7225341796875,
        1199.8974609375,
        592.8270874023438,
        2835.795166015625,
        757.7903442382812,
        1415.9293212890625,
        1691.502685546875,
        2398.4775390625
      ],
      [
        1360.308349609375,
        1307.8641357421875,
        646.2889404296875,
        3076.517578125,
        820.6705322265625,
        1551.316162109375,
        1840.3114013671875,
        2598.993408203125
      ],
      [
        1440.7188720703125,
        1393.919921875,
        694.9093017578125,
        3269.796875,
        866.4761962890625,
        1643.7825927734375,
        1931.4403076171875,
        2729.79345703125
      ],
      [
        1482.69873046875,
        1437.3668212890625,
        703.1435546875,
        3324.99951171875,
        890.2036743164062,
        1668.3333740234375,
        1960.06591796875,
        2792.90771484375
      ],
      [
        1486.4703369140625,
        1440.5902099609375,
        682.9518432617188,
        3278.342041015625,
        896.0867919921875,
        1647.294921875,
        1935.255615234375,
        2810.160400390625
      ],
      [
        1473.74560546875,
        1432.589599609375,
        656.5881958007812,
        3223.7890625,
        896.075439453125,
        1620.507080078125,
        1892.771240234375,
        2802.287841796875
      ],
      [
        1450.0189208984375,
        1414.765869140625,
        634.0655517578125,
        3162.08837890625,
        890.0691528320312,
        1589.859619140625,
        1856.24609375,
        2775.808837890625
      ],
      [
        1433.7901611328125,
        1402.34228515625,
        622.7406005859375,
        3134.630615234375,
        884.2981567382812,
        1572.568359375,
        1847.39990234375,
        2752.576416015625
      ],
      [
        1432.06884765625,
        1400.4635009765625,
        631.892822265625,
        3155.147705078125,
        887.2357177734375,
        1594.1351318359375,
        1866.566162109375,
        2756.567138671875
      ],
      [
        1448.7996826171875,
        1410.8182373046875,
        670.0673217773438,
        3207.88134765625,
        895.9139404296875,
        1645.5570068359375,
        1916.230712890625,
        2786.3564453125
      ],
      [
        1486.958984375,
        1443.74169921875,
        717.2175903320312,
        3321.302001953125,
        918.2719116210938,
        1721.2154541015625,
        1993.3804931640625,
        2846.367431640625
      ],
      [
        1547.504150390625,
        1516.43212890625,
        761.73828125,
        3507.41064453125,
        964.8442993164062,
        1828.4697265625,
        2097.98876953125,
        2953.2197265625
      ],
      [
        1579.1396484375,
        1567.124755859375,
        783.58642578125,
        3670.781005859375,
        1000.6056518554688,
        1906.0230712890625,
        2165.1630859375,
        3019.2275390625
      ]
    ],
    [
      [
        1465.43896484375,
        1440.36376953125,
        729.4171142578125,
        3354.7294921875,
        930.6256713867188,
        1747.659912109375,
        1960.0155029296875,
        2782.483642578125
      ],
      [
        1420.84130859375,
        1400.946044921875,
        708.1876831054688,
        3281.69384765625,
        910.1092529296875,
        1702.7159423828125,
        1918.4385986328125,
        2724.696533203125
      ],
      [
        1356.0374755859375,
        1339.7659912109375,
        674.3194580078125,
        3159.822021484375,
        877.6837158203125,
        1635.010009765625,
        1851.7550048828125,
        2638.282470703125
      ],
      [
        1286.39306640625,
        1271.62353515625,
        643.8597412109375,
        3031.435791015625,
        843.5455932617188,
        1562.7901611328125,
        1784.7235107421875,
        2552.290283203125
      ],
      [
        1213.056640625,
        1190.8544921875,
        603.5906372070312,
        2856.345947265625,
        796.4634399414062,
        1460.49560546875,
        1689.9434814453125,
        2429.845947265625
      ],
      [
        1139.98779296875,
        1102.0587158203125,
        558.3759765625,
        2645.83203125,
        737.0505981445312,
        1346.45263671875,
        1582.3946533203125,
        2280.39013671875
      ],
      [
        1093.329345703125,
        1044.3653564453125,
        527.9166870117188,
        2498.38671875,
        696.393798828125,
        1269.0819091796875,
